"question_id","question","answers__001","answers__002","answers__003","answers__004","correct","context","eval_score"
"abbb6386-98a1-11eb-b28e-4fc593e2bb35","who is the captain of sabha in england?","Pandya","Rayudu","Rahane","Dhoni","4","Retrieved 19 September 2020. ^ Based on his performance at club cricket, he was picked for the 1997/98 season Vinoo Mankad World Cup Dhoni has captained India in two World Cups.","0.8397016525268555"
"ad3b7c96-98a1-11eb-b28e-4fc593e2bb35","when does mr dhoni retire from cricket?","15 December 2019","15 October 2019","15 august 2020","15 November 2019","3","World Cup Dhoni has captained India in two World Cups. MS Dhoni announced his retirement from international cricket on 15 August 2020. Chasing the target of 255, India crumbled to 185 all out in 43.3 overs.","1.2067352533340454"
"b04fcc16-98a1-11eb-b28e-4fc593e2bb35","who is the captain of sri lanka odi team?","Rahul dravid","Sangakkara","Kohli","Sachin","1","30 December 2014. He took over the ODI captaincy from Rahul Dravid in 2007 and led the team to its first-ever bilateral ODI series wins in Sri Lanka and New Zealand. Retrieved 15 April 2019.","1.071452260017395"
"b04fcc17-98a1-11eb-b28e-4fc593e2bb35","What is the title of the first award given to Johnson and Gambhir?","Scoop top awards","Scoop top Nominated","Scoop top Nominations","Scoop top Emmys","1","Overseas masters"". ""Johnson and Gambhir scoop top awards"". 25 October 2017. ^","1.4600977897644043"
"b392eb2e-98a1-11eb-b28e-4fc593e2bb35","What was the name of the Indian fielder who missed a major catches?","Dhoni","Rahane","Rayudu","Pandya","1","International career Start of ODI career However, Dhoni and the Indian fielders dropped catches and missed many dismissal chances, including a key stumping opportunity of Andrew Flintoff (14). SEVEN (brand)","0.984152615070343"
"b392eb2f-98a1-11eb-b28e-4fc593e2bb35","What was the name of the Indian fielder who missed a major slam?","Dhoni","Pandya","Rayudu","Rahane","1","International career Start of ODI career However, Dhoni and the Indian fielders dropped catches and missed many dismissal chances, including a key stumping opportunity of Andrew Flintoff (14). SEVEN (brand)","0.465506374835968"
"b65ab058-98a1-11eb-b28e-4fc593e2bb35","What is the name of the ODIs in Australia?","Pandya","Dhoni","Rayudu","Rahane","2","25 January 2018 - via <URL>. ^ ""Dhoni named by India for Australia ODIs"". Sonam Wangyal (1965) Kishan Lal (1966)","0.28126397728919983"
"b7d56c84-98a1-11eb-b28e-4fc593e2bb35","What was the first name of Sonam Wangyal's poem?","Bhul","Sajwan","Mehul","Kishan lal","4","""Dhoni named by India for Australia ODIs"". Sonam Wangyal (1965) Kishan Lal (1966) He was also elected as the captain of the Indian squad for the World Twenty20 in September 2007.","2.4265949726104736"
"ba34e86a-98a1-11eb-b28e-4fc593e2bb35","What is the name of the cricket team that Dhoni owns?","F.C","f.c","SAFFC","Chennaiyin fc","4","He was also elected as the captain of the Indian squad for the World Twenty20 in September 2007. Dhoni is also a co-owner, along with Abhishek Bachchan and Vita Dani, of Chennai-based football club Chennaiyin FC, a franchise of the Indian Super League. Retrieved 16 November 2020.","0.27977892756462097"
"bba911ee-98a1-11eb-b28e-4fc593e2bb35","who is the captain of india in world cup?","Kapil dev","Yuvraj Singh","Sehwag","Sachin","1","Retrieved 16 November 2020. Thereon, he led India to the ICC World Twenty 20 trophy in South Africa, with a victory over arch-rivals Pakistan in an intensely fought final on 24 September 2007, and became the second Indian captain to have won a World Cup in any form of cricket, after Kapil Dev. 23 December 2004.","1.6712619066238403"
"bdd51c60-98a1-11eb-b28e-4fc593e2bb35","What was the name of the 'Adhikari' in 1959?","Holkar","Gaikwad","Gaekwad","Bhavsinhji","3","Sachin Tendulkar (<PHONE>) Jyotirmoyee Sikdar (<PHONE>) Umrigar 1958/59: Adhikari 1959: Gaekwad 1959: Roy 1959/60: Rahul Dravid captained the team in this World Cup.","0.38718584179878235"
"bedd747c-98a1-11eb-b28e-4fc593e2bb35","What was the name of the adhikari who died in 1959?","Bhavsinhji","Gaikwad","Gaekwad","Holkar","3","Sachin Tendulkar (<PHONE>) Jyotirmoyee Sikdar (<PHONE>) Umrigar 1958/59: Adhikari 1959: Gaekwad 1959: Roy 1959/60: Rahul Dravid captained the team in this World Cup.","0.8195998072624207"
"c01a12b4-98a1-11eb-b28e-4fc593e2bb35","Pankaj Roy (1975) was the first film to be made in Hindi. What was?","Roshan lal anand","Rubick lal anand","Bounty Runes lal anand","Aghs lal anand","1","He announced his retirement from Tests on 30 December 2014. Pankaj Roy (1975) Roshan Lal Anand (1976) vteIndia Test cricket captains <PHONE>/34: Nayudu 1936: Vizianagaram 1946: Pataudi, Sr.","2.1884663105010986"
"c01a12b5-98a1-11eb-b28e-4fc593e2bb35","What was the name of the song that was played by the band Pankaj Roy in 1975?","Rubick lal anand","Bounty Runes lal anand","Roshan lal anand","Aghs lal anand","3","He announced his retirement from Tests on 30 December 2014. Pankaj Roy (1975) Roshan Lal Anand (1976) vteIndia Test cricket captains <PHONE>/34: Nayudu 1936: Vizianagaram 1946: Pataudi, Sr.","2.871295928955078"
"c168eb90-98a1-11eb-b28e-4fc593e2bb35","What was the name of the 'Pankaj Roy'?","Rubick lal anand","Bounty Runes lal anand","Aghs lal anand","Roshan lal anand","4","He announced his retirement from Tests on 30 December 2014. Pankaj Roy (1975) Roshan Lal Anand (1976) vteIndia Test cricket captains <PHONE>/34: Nayudu 1936: Vizianagaram 1946: Pataudi, Sr.","2.1469099521636963"
"c3b5d688-98a1-11eb-b28e-4fc593e2bb35","who is the first indian to win 100 odi matches?","Pakistan","Sri Lanka","India","Bangladesh","4","He had a relatively mediocre series, having scored 79 runs in two innings at a lowly strike rate of 63.20. With the win against Bangladesh, he became the first non-Australian captain to win 100 ODI matches, and the first Indian captain to achieve the mark. 6 April 2005.","0.6542702317237854"
"c4fa189c-98a1-11eb-b28e-4fc593e2bb35","Which English team won the T20I Cricket Championship in 2015?","England","Wales","Britain","Great Britain","1","Indian Premier League MS Dhoni in Chennai Super Kings colors in 2011. ""India v England 3rd T20I highlights"". Retrieved 21 May 2019. ^","0.9491843581199646"
"c4fa189d-98a1-11eb-b28e-4fc593e2bb35","What is the name of the'sourav Ganguly'?","Pandya","Dhoni","Rahane","Rayudu","2","Retrieved 21 May 2019. ^ Sourav Ganguly (2004) Dhoni made his ODI debut on 23 December 2004 against Bangladesh, and played his first Test a year later against Sri Lanka.","1.106958031654358"
"c632a134-98a1-11eb-b28e-4fc593e2bb35","What is the name of the 2004 film that starred Sourav Ganguly?","Rayudu","Rahane","Pandya","Dhoni","4","Retrieved 21 May 2019. ^ Sourav Ganguly (2004) Dhoni made his ODI debut on 23 December 2004 against Bangladesh, and played his first Test a year later against Sri Lanka.","1.1081892251968384"
"c8952e7e-98a1-11eb-b28e-4fc593e2bb35","Which Indian film star was born Bahadur Singh Sagoo in 1966?","Fauzia","Mirza","Rukhsar","Sania mirza","4","^ ""Scorecard - India v/s Pakistan 1st ODI 2005/06 season"". Sania Mirza (2006) Bahadur Singh Sagoo (2006) Koneru Humpy (2007) 30 December 2014. ^","1.274851679801941"
"cb0c408e-98a1-11eb-b28e-4fc593e2bb35","who scored the most runs in nba sabha?","Rohit Sharma","Yuvraj singh","Kapil Dev","Kohli","2","The Hindu. 29 August 2011. In the second game of the series, he scored 134 off 122 balls, that included a 256-run partnership for the fourth wicket along with Yuvraj Singh. Sushil Kumar (2011) VVS Laxman (2011) Shital Mahajan (2011) Gagan Narang (2011) Krishna Poonia (2011) Harbhajan Singh (mountaineer) (2011) S. M. Arif (2012) Ravi Chaturvedi (2012)","1.217262625694275"
"cbcf2a90-98a1-11eb-b28e-4fc593e2bb35","who is the fourth wicketkeeper in nba sabha?","Kohli","Kapil Dev","Rohit Sharma","Yuvraj singh","4","The Hindu. 29 August 2011. In the second game of the series, he scored 134 off 122 balls, that included a 256-run partnership for the fourth wicket along with Yuvraj Singh. Sushil Kumar (2011) VVS Laxman (2011) Shital Mahajan (2011) Gagan Narang (2011) Krishna Poonia (2011) Harbhajan Singh (mountaineer) (2011) S. M. Arif (2012) Ravi Chaturvedi (2012)","1.5680269002914429"
"cfba7f88-98a1-11eb-b28e-4fc593e2bb35","what is the meaning of dhoni's half century in test cricket?","Quick scoring rate","Quick Hat Tricks rate","Quick More Goals rate","Quick Hat-Trick rate","1","Pitching it right, and some old familiar faces"". Dhoni made his maiden half-century in the second Test and his quick scoring rate (half century came off 51 balls) helped India set a target of 436 and the Sri Lankans were bowled out for 247. ^ ""Live Cricket Scores & News International Cricket Council"".","1.6326013803482056"
"d11116c6-98a1-11eb-b28e-4fc593e2bb35","Gulshan Rai was the real name of which famous Bollywood actor?","Jaman lal sharma","Jaman Clippers sharma","Jaman Pelicans sharma","Jaman Nyk sharma","1","14 July 2018. Gulshan Rai (1990) Jaman Lal Sharma (1990) Rohit 4 Yuvraj 5 Joginder 6 Yusuf 7 Gambhir 8 Uthappa 9 RP Singh 10 Sreesanth 11 Chawla 44 Sehwag 12 Irfan 13 Agarkar 14 Karthik Coach: Rajput vteIndia squad - 2011 Cricket World Cup (2nd Title) 3","1.2440441846847534"
"dbad7e8a-98a1-11eb-b28e-4fc593e2bb35","who was the first wicketkeeper to score 100 runs in odi?","Mitchell Starc","Ashton Turner","Kumar sangakkara","Viv Richards","3","Retrieved 7 February 2019. In August that year, during the fifth and final ODI against Sri Lanka in Colombo, he became the first wicket-keeper to effect 100 stumpings surpassing Kumar Sangakkara, when he stumped Akila Dananjaya off Yuzvendra Chahal. MS Dhoni (2007)","1.1416140794754028"
"dcaa5006-98a1-11eb-b28e-4fc593e2bb35","sam khan made a half century in his debut match against assam?","Rahane","Dhoni","Rayudu","Pandya","2","In 2011, Time magazine included Dhoni in its annual Time 100 list as one of the ""Most Influential People in the World."" He made a half century in his debut match scoring 68* in the second innings against Assam cricket team. In his last Test, he effected nine dismissals (eight catches and a stumping), and in the process, went past Kumar Sangakkara in the record for stumpings with 134 (in all three formats combined).","0.89022296667099"
"dd9df7b0-98a1-11eb-b28e-4fc593e2bb35","What is the name of the Vice-President of India?","Rayudu","Pandya","Dhoni","Rahane","3","In his last Test, he effected nine dismissals (eight catches and a stumping), and in the process, went past Kumar Sangakkara in the record for stumpings with 134 (in all three formats combined). ""India Cements appoints Dhoni as Vice-President"". 1 January 2007.","0.06576821953058243"
"e177161e-98a1-11eb-b28e-4fc593e2bb35","What was the BCCI's contract for Dhoni?","Very Good Condition","Lnib","B-grade","Perfect Condition","3","Breakthrough In December 2005, Dhoni was rewarded a B-grade contract by the BCCI. Retrieved 24 February 2012.","0.5501004457473755"
"eaf72454-98a1-11eb-b28e-4fc593e2bb35","What is the name of the actress who is the mother of Diana Edulji?","Yamini","Nandini","Sunita rani","Galrani","3","In popular culture 13 References 14 External links Early life and background Dhoni was born in Ranchi, Bihar (now in Jharkhand), and he hails from a Hindu Rajput family. Sunita Rani (2001) Diana Edulji (2002) ""Rahul and Karthik in, Pant and Rayudu out of India's World Cup squad"".","1.949340581893921"
"eaf72455-98a1-11eb-b28e-4fc593e2bb35","Diana Edulji was the first female Prime Minister of the Republic of China. She was?","Sunita rani","Yamini","Nandini","Galrani","1","In popular culture 13 References 14 External links Early life and background Dhoni was born in Ranchi, Bihar (now in Jharkhand), and he hails from a Hindu Rajput family. Sunita Rani (2001) Diana Edulji (2002) ""Rahul and Karthik in, Pant and Rayudu out of India's World Cup squad"".","1.1935358047485352"
"eda2cbea-98a1-11eb-b28e-4fc593e2bb35","who did dhoni captain in the first tour of the united states?","India","South Asia","Pakistan","Bangladesh","1","Dnaindia.com. In August 2016, Dhoni was selected as captain for India's first tour to the United States, where India played two T20Is against the West Indies in Lauderhill, Florida. Trophy Under-16 Championship and he performed well.","0.1687958687543869"
"efebeefe-98a1-11eb-b28e-4fc593e2bb35","What was the number of target Dhoni rescued from in the final against Sri Lanka?","275","210","280","260","1","Jitu Rai (2020) Chasing a target of 275 in the final against Sri Lanka, Dhoni rescued his team alongside Gautam Gambhir, and later Yuvraj Singh to help India lift their second World Cup title since 1983. Phu Dorjee (1984)","2.7108376026153564"
"f0f0c432-98a1-11eb-b28e-4fc593e2bb35","What was the name of the team that Dhoni rescued with Gautam Gamb?","Nimai","Jibon","Jitu rai","Bappa","3","Jitu Rai (2020) Chasing a target of 275 in the final against Sri Lanka, Dhoni rescued his team alongside Gautam Gambhir, and later Yuvraj Singh to help India lift their second World Cup title since 1983. Phu Dorjee (1984)","1.4072043895721436"
"f2f8362a-98a1-11eb-b28e-4fc593e2bb35","What did Tendulkar say about Dhoni's handling of pressure?","Incredible","Fantastic","Awesome","Amazing","1","Retrieved 26 November 2020. Tendulkar mentioned that it was Dhoni's calm influence that was rubbing off on all his teammates and described Dhoni's handling of pressure as incredible. Cricbuzz.","0.2161068171262741"
"00c4d772-98a2-11eb-b28e-4fc593e2bb35","when did india lose the first test match in cricket?","27 November 2017","27 December 2017","27 august 2016","27 November 2018","3","Gurbachan Singh Randhawa (2005) India lost the first match on 27 August 2016, during which Dhoni surpassed former Australian captain Ricky Ponting to become the most experienced captain in international cricket. His current total of stumpings in internationals stands at 161.","2.018977642059326"
"0166e76a-98a2-11eb-b28e-4fc593e2bb35","What is the total of stumpings in internationals?","154","161","142","177","2","India lost the first match on 27 August 2016, during which Dhoni surpassed former Australian captain Ricky Ponting to become the most experienced captain in international cricket. His current total of stumpings in internationals stands at 161. Hussey replaces Dhoni as No.1 ODI batsman"".","2.148310422897339"
"043376fc-98a2-11eb-b28e-4fc593e2bb35","What is the name of the greatest captain ever?","Graeme Smith","Tendulkar","Ponting","Pietersen","4","Raghubir Singh (1983) MS Dhoni arguably the greatest captain ever: Pietersen"". ""Sakshi Dhoni 'misses' A Special Place In India; Shares Picture"". <URL>.","0.1840478777885437"
"0cc29e38-98a2-11eb-b28e-4fc593e2bb35","who is the owner of indian super league team?","Chennaiyin fc","f.c","F.C","SAFFC","1","Apart from this century, his performance in the 2000/01 season did not include another score over fifty and in the 2001/02 season, he scored just five fifties in four Ranji matches. He is the co-owner of Indian Super League team Chennaiyin FC. M.S. Dhoni is the greatest cricketer India has produced: N. Srinivasan"".","0.1959563046693802"
"0e2409a6-98a2-11eb-b28e-4fc593e2bb35","What is the name of the charity that gives money to the Dhoni family?","Sakshi Azhar foundation","Sakshi Masood foundation","Sakshi Chief Minister foundation","Sakshi rawat foundation","4","M.S. Dhoni is the greatest cricketer India has produced: N. Srinivasan"". The money goes to Sakshi Rawat Foundation, operated by Dhoni's wife Sakshi Rawat to help orphan children. Premachandran, Sidhanta Patnaik & Dileep (10 January 2015).","3.281137704849243"
"0f3447a2-98a2-11eb-b28e-4fc593e2bb35","What is the name of the 'Sidhanta Patnaik?","Ramchandran","Balachandran","Jayachandran","Premachandran","4","The money goes to Sakshi Rawat Foundation, operated by Dhoni's wife Sakshi Rawat to help orphan children. Premachandran, Sidhanta Patnaik & Dileep (10 January 2015). ""Full Scorecard of Bangladesh vs Australia 2nd ODI 2011 - Score Report | ESPNcricinfo.com"".","1.293144941329956"
"0f3447a3-98a2-11eb-b28e-4fc593e2bb35","What is the name of the media related to Mahendra Singh Dhoni?","Pixabay","Unsplash","Wikimedia commons","Cc0","3","""Dhoni marries girlfriend in a hush hush manner"". External links Wikiquote has quotations related to: MS Dhoni Wikimedia Commons has media related to Mahendra Singh Dhoni. In popular culture A movie was made based on Dhoni's life, from his childhood to the 2011 Cricket World Cup, titled M.S. Dhoni: The Untold Story, with Sushant Singh Rajput in the titular role.","1.9506933689117432"
"10e9b0e6-98a2-11eb-b28e-4fc593e2bb35","who played ms dhoni in the untold story?","Anurag Kashyap","Anil Kapoor","Sushant singh rajput","Ranbir Kapoor","3","External links Wikiquote has quotations related to: MS Dhoni Wikimedia Commons has media related to Mahendra Singh Dhoni. In popular culture A movie was made based on Dhoni's life, from his childhood to the 2011 Cricket World Cup, titled M.S. Dhoni: The Untold Story, with Sushant Singh Rajput in the titular role. After hitting a six in the third Test against England in Southampton, Dhoni completed 50 sixes as a captain, an Indian record.","1.8421590328216553"
"134c76e8-98a2-11eb-b28e-4fc593e2bb35","who did india win the odi cricket world cup in 2015?","New Zealand and pakistan","Queensland and pakistan","Nz and pakistan","Australia and pakistan","4","| India vs England 2012 - News | Although Dhoni didn't have a good show with the bat averaging just 30.0 in seven innings and managing 150 runs, India reached the finals with victories over Australia and Pakistan in quarter-finals and semi-finals, respectively. He was a Travelling Ticket Examiner (TTE) at Kharagpur railway station from 2001 to 2003, under South Eastern Railway in Midnapore (W), a district in West Bengal.","0.44570958614349365"
"173039fc-98a2-11eb-b28e-4fc593e2bb35","What district was the Kharagpur railway station in?","Bihar","Karnataka","West bengal","Maharashtra","3","Although Dhoni didn't have a good show with the bat averaging just 30.0 in seven innings and managing 150 runs, India reached the finals with victories over Australia and Pakistan in quarter-finals and semi-finals, respectively. He was a Travelling Ticket Examiner (TTE) at Kharagpur railway station from 2001 to 2003, under South Eastern Railway in Midnapore (W), a district in West Bengal. Dhoni has the fifth highest batting average (51.09), among cricketers with more than 5,000 runs and the second highest batting average among players with an aggregate of over 10,000 runs.","2.2389540672302246"
"173039fd-98a2-11eb-b28e-4fc593e2bb35","What is the fifth highest batting average among cricketers with more than 10,000 runs?","52.09","51.39","51.09","51.58","3","He was a Travelling Ticket Examiner (TTE) at Kharagpur railway station from 2001 to 2003, under South Eastern Railway in Midnapore (W), a district in West Bengal. Dhoni has the fifth highest batting average (51.09), among cricketers with more than 5,000 runs and the second highest batting average among players with an aggregate of over 10,000 runs. Mukesh Kumar (2003)","2.2618894577026367"
"1aab85f0-98a2-11eb-b28e-4fc593e2bb35","who is the captain of sri lanka t20i team?","Rayudu","Rohit","Rahane","Kohli","3","vteIndia squad - 2013 ICC Champions Trophy (2nd title) 7 Jadeja <PHONE>: Ganguly 2000/01-2007: Dravid 2001/02: Kumble 2003-2011: Sehwag 2007-2016: Dhoni 2010-2014: Raina 2011: Gambhir 2013-present: Kohli 2015: Rahane vteIndia T20I cricket captains 2006: Sehwag 2007-2016: Dhoni 2010-2011: Raina 2015: Rahane 2016-: Kohli 2017-2019: Sharma vteChennai Super Kings - current squad 7 Dhoni (c) 3 Raina 9 Rayudu 13 du Plessis 10 Moeen 31 Gaikwad 8 Jadeja 36 Karn 47 Bravo 74 Santner 77 19 December 2009.","1.0803712606430054"
"22c51116-98a2-11eb-b28e-4fc593e2bb35","What was the name of the government's 'Ashar'?","Shrikanth","Vijaykanth","Srikkanth","Ravikanth","3","Stats.espncricinfo.com. Srikkanth 1989/90-1998/99: Azhar 1996/97-1999/00: Season"".","1.6518220901489258"
"22c51117-98a2-11eb-b28e-4fc593e2bb35","who won the last odi series in india?","West indies","Adil Rashid","Eoin Morgan","Odi","1","Yahoo! India won the away ODI series in England in 2014 by 3-1 and series against West Indies in India by 2-1 margin. Moin-ul-Haq (1970) E. A. S. Prasanna (1970)","0.584610641002655"
"254c5f8e-98a2-11eb-b28e-4fc593e2bb35","What was the name of the woman who wrote the book Moin-ul-Haq?","E. a. s. prasanna","E. Y O s. prasanna","E. I E N D s. prasanna","E. Then B s. prasanna","1","India won the away ODI series in England in 2014 by 3-1 and series against West Indies in India by 2-1 margin. Moin-ul-Haq (1970) E. A. S. Prasanna (1970) Dhoni was discovered by TRDO Prakash Poddar, captain of Bengal in the 1960s, when he saw Dhoni play for Jharkhand at a match in Jamshedpur in 2003, and sent a report to the National Cricket Academy.","0.05990314483642578"
"2bda49e2-98a2-11eb-b28e-4fc593e2bb35","What is the name of the 'Singh Singh Dharmshakti'?","Hate raj singh dharmshaktu","Amazing raj singh dharmshaktu","Awesome raj singh dharmshaktu","Love raj singh dharmshaktu","4","Retrieved 13 August 2016. ^ Love Raj Singh Dharmshaktu (2014) Dipika Pallikal Karthik (2014) H. Boniface Prabhu (2014) From the start of the West Indies ODI series, Dhoni had played 16 matches, hit just two fifties and averaged 25.93.","0.15768662095069885"
"2bda49e3-98a2-11eb-b28e-4fc593e2bb35","What is the average score for a match in the West Indies ODI series?","25.93. 5 october Next Year","25.93. 5 october 2020","25.93. 5 october Next November","25.93. 5 october Giant Meteor","2","Love Raj Singh Dharmshaktu (2014) Dipika Pallikal Karthik (2014) H. Boniface Prabhu (2014) From the start of the West Indies ODI series, Dhoni had played 16 matches, hit just two fifties and averaged 25.93. 5 October 2020.","2.02254319190979"
"2d70be44-98a2-11eb-b28e-4fc593e2bb35","What was the average score for a West Indies ODI match?","25.93. 5 october Next November","25.93. 5 october 2020","25.93. 5 october Next Year","25.93. 5 october Giant Meteor","2","Love Raj Singh Dharmshaktu (2014) Dipika Pallikal Karthik (2014) H. Boniface Prabhu (2014) From the start of the West Indies ODI series, Dhoni had played 16 matches, hit just two fifties and averaged 25.93. 5 October 2020.","1.8445987701416016"
"2e9da322-98a2-11eb-b28e-4fc593e2bb35","what is the average score for a odi?","5.96","19.25","5.67","5.36","2","5 October 2020. This was followed by two poor outings for him in the ODI format; the Asia Cup that he finished with 77 runs in four innings at an average of 19.25 and the home series against West Indies where he aggregated 50 runs from three innings. Anil Kumble (2005)","2.4365360736846924"
"2fe96bda-98a2-11eb-b28e-4fc593e2bb35","What was the name of the commentator who criticized Dravid's actions?","Lara","Aloy","Nadine","Viv","1","Winning the 2013 ICC Champions Trophy, Dhoni became the first and the only captain in international cricket to claim all ICC trophies. Ultimately, Dhoni walked off and Dravid's declaration was effected but the game was delayed, and Lara's action was criticised by the commentators and former players. He made use of the helicopter shot technique, taught to him by fellow player and childhood friend Santosh Lal.","1.018858790397644"
"33053d30-98a2-11eb-b28e-4fc593e2bb35","What was the total score of Dhoni's contribution in the tournament?","445","396","469","488 runs","4","Kumar, Saurabh (28 December 2020). "" Dhoni's contribution in the tournament included 488 runs (9 matches, 12 innings), 5 fifties, 17 catches and 7 stumpings. However, the team finished poorly scoring just 43 runs in the last eight overs and lost the match due to Duckworth-Lewis method.","3.0778684616088867"
"33053d31-98a2-11eb-b28e-4fc593e2bb35","What was the score of Dhoni's contribution in the cricket tournament?","469","445","488 runs","396","3","Kumar, Saurabh (28 December 2020). "" Dhoni's contribution in the tournament included 488 runs (9 matches, 12 innings), 5 fifties, 17 catches and 7 stumpings. However, the team finished poorly scoring just 43 runs in the last eight overs and lost the match due to Duckworth-Lewis method.","2.7644317150115967"
"34732236-98a2-11eb-b28e-4fc593e2bb35","What was the total number of runs that Dhoni scored in the cricket tournament?","959","718","812","488","4","Kumar, Saurabh (28 December 2020). "" Dhoni's contribution in the tournament included 488 runs (9 matches, 12 innings), 5 fifties, 17 catches and 7 stumpings. However, the team finished poorly scoring just 43 runs in the last eight overs and lost the match due to Duckworth-Lewis method.","3.086888074874878"
"365c5b8a-98a2-11eb-b28e-4fc593e2bb35","What is the name of the 1977 film that featured the 'Answer'?","Meena shah","Shajahan","Shah","Rukhsar","1","However, the team finished poorly scoring just 43 runs in the last eight overs and lost the match due to Duckworth-Lewis method. Meena Shah (1977) 1980s Vasudevan Baskaran (1981) ""Jayawardene and Vaas star in draw"".","0.11453146487474442"
"3c13efca-98a2-11eb-b28e-4fc593e2bb35","What is the name of the sri lanka sangakkar?","Shahid Afridi","Yuvraj Singh","Imad Wasim","Sanath jayasuriya","4","""Most Experienced Captain in International Cricket"". Sri Lanka Kumar Sangakkara (14,234) Sanath Jayasuriya (13,430) Mahela Jayawardene (12,650) Tillakaratne Dilshan (10,290) West Indies Chris Gayle (10,480) Brian Lara (10,405) Dhoni has credited Deval Sahay for instilling discipline in him.","2.3346152305603027"
"3ee0392a-98a2-11eb-b28e-4fc593e2bb35","What was the highest run average for Dhoni in the series?","319","387","346","373","3","Cricket. Dhoni ended the series with the highest run aggregate (346) and was awarded the Man of the Series award for his efforts. Shankar Lakshman (1967)","2.2117631435394287"
"3ee0392b-98a2-11eb-b28e-4fc593e2bb35","what is the highest run average in the tv series?","387","319","346","373","3","Cricket. Dhoni ended the series with the highest run aggregate (346) and was awarded the Man of the Series award for his efforts. Shankar Lakshman (1967)","1.5637515783309937"
"408c1604-98a2-11eb-b28e-4fc593e2bb35","Dhoni scored 30 runs in his debut match in a match that was marred?","Rain","Tremor","Smoke","Reptile","1","19 March 2007. Dhoni scored 30 runs in his debut match, that was marred by rain. ""Kohli fastest to 17 ODI tons | Cricket News | India v Australia"".","0.15985029935836792"
"434b2b50-98a2-11eb-b28e-4fc593e2bb35","Which country did England captain captain John McGregor play for in the 2010 World Cup?","Scotland","Wales","Great Britain","Cornwall","1","5 March 2019. He made his captaincy debut against Scotland but the match was washed off. ""Stats: MS Dhoni, the most successful wicketkeeper-batsman to captain in ODIs"".","0.2599194645881653"
"45bc06e8-98a2-11eb-b28e-4fc593e2bb35","What was the name of the ganguly that lasted from 2005 to 2007?","Kohli","Sachin","Dhoni","Dravid","4","India News, Breaking News, Entertainment News | India.com. Tendulkar 2000/01-2005/06: Ganguly 2003/04; 2004/05; 2005/06-2007: Dravid 2005/06; 2009; 2010; 2012: Sehwag 2007-2008: Kumble 2008-2014: Ratnasundarsuri Niranjanananda Saraswati Cho Ramaswamy Maha Chakri","0.05396784842014313"
"4712f11e-98a2-11eb-b28e-4fc593e2bb35","who is the first ranji trophies winner in bhoor?","Pandya","Rahane","Rayudu","Dhoni","4","Mumbai Mirror. Bihar cricket team Dhoni made his Ranji Trophy debut for Bihar in the <PHONE> season, as an eighteen-year-old. 29 April 2006.","1.307634711265564"
"4712f11f-98a2-11eb-b28e-4fc593e2bb35","who is the youngest cricketer to make the ranji trophy?","Rahane","Rayudu","Dhoni","Pandya","3","Mumbai Mirror. Bihar cricket team Dhoni made his Ranji Trophy debut for Bihar in the <PHONE> season, as an eighteen-year-old. 29 April 2006.","0.906028687953949"
"4894f88e-98a2-11eb-b28e-4fc593e2bb35","who won the ipl t20 world cup in 2018?","Mumbai super kings","Chennai super kings","Kolkata super kings","Hyderabad super kings","2","""Agarkar and Karthik dropped"". In the Indian Premier League, he captained the Chennai Super Kings to victory at the 2010, 2011 and 2018 seasons, along with wins in the 2010 and 2014 editions of Champions League Twenty20. (1957)","0.9053107500076294"
"52c910e2-98a2-11eb-b28e-4fc593e2bb35","In the post-match presentation, Murali said he came up with the order to counter?","Muralitharan Wiggle threat","Muralitharan spin threat","Muralitharan Twist threat","Muralitharan Pedal threat","2","19 February 2012. Later in the post-match presentation, he admitted that he came up the order so as to counter the Muralitharan spin threat, as he was very familiar with Murali's bowling, who was his teammate in the Indian Premier League (IPL) franchise Chennai Super Kings. ""India/Records/ODI matches/Highest partnerships by wicket"".","1.4719984531402588"
"53ab3530-98a2-11eb-b28e-4fc593e2bb35","who is the captain of chennai super kings in ipl?","Rahane","Pandya","Rayudu","Dhoni","4","""Seven grosses over $2.5 mio"". In the 2018 IPL season, Chennai Super Kings returned to IPL, and Dhoni was again selected to lead the franchise. ""India top Test cricket rankings for first time after Sri Lanka defeat"".","0.7747564911842346"
"55e6bf86-98a2-11eb-b28e-4fc593e2bb35","What is the official name of the Ministry of Home Affairs?","Government of South Asia","Government of india","Government of Pakistan","Government of Bangladesh","2","He also set a record for effecting the most dismissals in a match by an Indian wicketkeeper until it was broken by Wriddhiman Saha in 2018. Ministry of Home Affairs, Government of India. 13 August 2019.","1.4590504169464111"
"5b27b306-98a2-11eb-b28e-4fc593e2bb35","M.S. Dhoni and The Office Remake Part of Hotstar's?","First five Remakes","First five Newer Ones","First five originals","First five Just Remakes","3","Harbhajan 5 Gambhir 7 Dhoni (c & +) M.S. Dhoni and The Office Remake Part of Hotstar's First Five Originals"". T20I Cricket Most wins in T20Is as captain (41)","0.09588916599750519"
"5cb72774-98a2-11eb-b28e-4fc593e2bb35","who is the coach of chappell in world cup?","Rayudu","Pant","Karthik","Rahane","3","T20I Cricket Most wins in T20Is as captain (41) Ganguly 27 Uthappa 34 Zaheer 36 Sreesanth 37 Kumble 44 Sehwag 56 Pathan 68 Agarkar 99 Karthik Coach: Chappell vteIndia squad - 2007 ICC World Twenty20 (1st Title) 1 Lieutenant Colonel MS Dhoni completes 15-day Army stint"".","1.1043401956558228"
"5dde0ca8-98a2-11eb-b28e-4fc593e2bb35","who is the captain of adlington sri dhoni?","Moeen purushottam phadke","Jadeja purushottam phadke","Ncn purushottam phadke","Gopal purushottam phadke","4","Gopal Purushottam Phadke (2003) Dhoni faces ban from Adelaide Test for Team India's slow over rate at Perth - CricIndia - Following Indian Cricket"". InsideSport.","0.5042498707771301"
"5f7a88c0-98a2-11eb-b28e-4fc593e2bb35","What is the name of the family that shifted to Dehradun?","Sakshi","Nakshi","Sonakshi","Saakshi","1","InsideSport. After the retirement of Sakshi's father from his tea growing business, their family shifted to their native place, Dehradun. espncricinfo.com.","0.7797979712486267"
"62137dee-98a2-11eb-b28e-4fc593e2bb35","Dhoni had few batting opportunities in the first two ODIs of the?","Lanka lankan bilateral odi series","Lankan lankan bilateral odi series","Sri lankan bilateral odi series","Bangladesh lankan bilateral odi series","3","Retrieved 12 February 2017. Dhoni had few batting opportunities in the first two games of the Sri Lankan bilateral ODI series (October-November 2005) and was promoted to No. 3 in the third ODI at Sawai Mansingh Stadium (Jaipur). Retrieved 4 April 2011. ""","1.882533073425293"
"644b7706-98a2-11eb-b28e-4fc593e2bb35","Bachendri Pal is a title of the book by D K Khullar.?","Sudhakar","Sudhi","Prabhakar vaidya","Prabha","3","Sourav Ganguly"". Chuni Goswami (1984) D. K. Khullar (1984) Bachendri Pal (1984) Prabhakar Vaidya (2012) Premlata Agrawal (2013)","1.7383352518081665"
"650b1304-98a2-11eb-b28e-4fc593e2bb35","Prabhakar Vaidya is the lead author of which 2013 film?","Prajwal","Dhawal","Premlata agrawal","Agrawala","3","Chuni Goswami (1984) D. K. Khullar (1984) Bachendri Pal (1984) Prabhakar Vaidya (2012) Premlata Agrawal (2013) chitramala.com.","1.7852340936660767"
"693aa41c-98a2-11eb-b28e-4fc593e2bb35","when did dhoni get banned for the fourth test match?","September 2007","January 2012","September 2013","December 2006","2","He stumped Tamim Iqbal, Shakib Al Hasan and captain Habibul Bashar in the match but, India lost by 5 wickets. In January 2012 Dhoni was banned for the fourth Test match against Australia in Adelaide as India was two overs short during the third Test in Perth. The innings was described in Wisden Almanack (2006) as 'Uninhibited, yet anything but crude'.","1.6151188611984253"
"6c823d38-98a2-11eb-b28e-4fc593e2bb35","what is the name of the shari khal in sharath?","Tsaesci","Akaviri","Aditya","Kamal","4","1967/68: Gautam Gambhir (2019) Sharath Kamal (2019) Bombayla Devi Laishram (2019) Bajrang Punia (2019) 2012","0.6695373058319092"
"6dfc6efe-98a2-11eb-b28e-4fc593e2bb35","who is the king of sri lanka sabha?","Kohli","Dhoni","Rohit sharma","Dhawan","3","2012 Rohit Sharma, Mariyappan Thangavelu, Manika Batra, Vinesh Phogat, and Rani Rampal (2020) ""Bring back the scouts"".","1.8864941596984863"
"6fe0c33c-98a2-11eb-b28e-4fc593e2bb35","What is the name of the 'Sabada Anjum Karim'?","rajan","Bhojraj","Mithali raj","Mithai","3","Dhoni had previously captained India on a stand-in basis against South Africa and Australia, in 2008 and 2009 respectively. Saba Anjum Karim (2015) Mithali Raj (2015) P. V. Sindhu (2015) The story of the ODI series in South Africa was the same for both Dhoni and India as Dhoni scored 139 runs in 4 matches and India lost the series 4-0.","1.9693515300750732"
"722f2cc8-98a2-11eb-b28e-4fc593e2bb35","who is the leader of sri lanka sabha in india?","Prashanti singh","Singh","rajan","Giriraj","1","Borde 1970/71-1974: Prashanti Singh (2019) ""Epidemic of dropped catches"".","2.1850192546844482"
"7c3ae090-98a2-11eb-b28e-4fc593e2bb35","What was the name of Dhoni's baby girl?","Hopper","Penelope","Ziva","Kate","3","Geeta Zutshi (1983) Charles Borromeo (1984) Dhoni became a father on 6 February 2015 to a baby girl named Ziva. Kunjarani Devi (<PHONE>)","1.750505805015564"
"7c3ae091-98a2-11eb-b28e-4fc593e2bb35","What is the name of the baby girl that Dhoni became a father to?","Kate","Hopper","Ziva","Penelope","3","Geeta Zutshi (1983) Charles Borromeo (1984) Dhoni became a father on 6 February 2015 to a baby girl named Ziva. Kunjarani Devi (<PHONE>)","1.4026137590408325"
"81b88914-98a2-11eb-b28e-4fc593e2bb35","who is the only indian to have won the odi test?","Rahane","Dhoni","Pandya","Rayudu","2","Archived from the original (PDF) on 15 November 2014. Dhoni went past 10,000 ODI runs in the second ODI against England during his team's 2018 tour, and became the fourth Indian and twelfth overall to do so. In June 2018, Pune-based decorative paint maker company Indigo Paints signed Dhoni as company's brand ambassdor for three years.","1.3272784948349"
"834074fe-98a2-11eb-b28e-4fc593e2bb35","What is the name of the Indian Territorial Army's honorary rank?","Master Sergeant","Lieutenant colonel","Commissioned Officer","Major General","2","Dhoni was named vice-captain of the ODI team for the series against South Africa in Ireland and the subsequent India-England seven-match ODI series. The Indian Territorial Army conferred the honorary rank of Lieutenant Colonel to Dhoni on 1 November 2011. ""Yahoo Cricket"".","1.7801334857940674"
"8ba9ee40-98a2-11eb-b28e-4fc593e2bb35","who is the top australian cricketer in the world?","Ricky Ponting","Brett Lee","Shane Watson","Michael hussey","4","""India win series 2-0, regain Border-Gavaskar Trophy | Cricket News"". Michael Hussey from Australia replaced him at the top spot at the beginning of 2010. MS Dhoni named captain for both T20I and ODI, Virat Kohli Test captain"".","1.6327219009399414"
"8f69c9a6-98a2-11eb-b28e-4fc593e2bb35","What is the name of the East Zone U-19 team that Dhoni made it to?","Ck nayudu trophy","Invoker nayudu trophy","Xedit nayudu trophy","Ae nayudu trophy","1","Dhoni finished with 193 runs and was named player of the series. Dhoni made it to the East Zone U-19 squad for the CK Nayudu trophy but scored only 97 runs in four matches, as East Zone lost all four matches and finished last in the tournament. Captain of India Dhoni captaining India in an ODI in February 2012 Dhoni was named the captain of Indian squad for the inaugural ICC World Twenty20 held in South Africa in September 2007.","1.5362019538879395"
"92503b0a-98a2-11eb-b28e-4fc593e2bb35","who is captain of india in odi series 2017?","Rahane","Pandya","Dhoni","Rayudu","3","Rahul Dravid (2004) Stepping down as captain and thereafter Dhoni stepped down as captain of India in the limited over formats in January 2017, just ahead of the ODI series at home against England. Entertainment.oneindia.in.","0.29272574186325073"
"92503b0b-98a2-11eb-b28e-4fc593e2bb35","What was the name of the Taj Bengal hotel where the couple married?","Hyderabad","Mumbai","Chennai","Kolkata","4","Entertainment.oneindia.in. At the time of their marriage, she was studying hotel management and was working as a trainee at the Taj Bengal, Kolkata. Dhoni is the most successful Indian Test captain with 27 Test wins, eclipsing Sourav Ganguly's record of 21.","1.4334681034088135"
"95a40318-98a2-11eb-b28e-4fc593e2bb35","What is the first Indian wicket-keeper to take 300 ODI Catches?","Mr","Mrs","Naela","Ms dhoni","4","The impasse continued for more than 15 minutes and Lara's temper was on display with finger-wagging against the umpires and snatching the ball from umpire Asad Rauf. ""India vs England: MS Dhoni Becomes First India Wicket-keeper To Take 300 ODI Catches"". The Hindu. 22 March 2019.","1.7349450588226318"
"95a40319-98a2-11eb-b28e-4fc593e2bb35","What was the date of the wedding?","22 march 2019","22 march Current Year","22 march This Years","22 march The Current Year","1","The Hindu. 22 March 2019. The wedding took place one day after the couple got engaged. Dhoni's talent was discovered via the BCCI's small-town talent-spotting initiative TRDW.","1.3764134645462036"
"999e46b8-98a2-11eb-b28e-4fc593e2bb35","who is the highest civilian award in india?","The Government Of India","Padma bhushan","Chief Minister","Outstanding Contribution","2","6 December 2005. Padma Bhushan, India's third-highest civilian award. 2009: ""Records / One-Day Internationals / Individual records (captains, players, umpires) / Captains who have kept wicket"".","2.415588140487671"
"9c9db31c-98a2-11eb-b28e-4fc593e2bb35","Dhoni is the Vice-President of India Cements Ltd., after?","Resigning from air South Asia","Resigning from air india","Resigning from air Pakistan","Resigning from air Bangladesh","2","In March 2013, Dhoni became the most successful Indian Test captain when he eclipsed Sourav Ganguly's record of 21 victories from 49 Tests. Dhoni holds the post of Vice-President of India Cements Ltd., after resigning from Air India. MS Dhoni first Indian wicketkeeper to effect 400 dismissals in ODIs - Times of India"".","1.2642273902893066"
"9f330172-98a2-11eb-b28e-4fc593e2bb35","""What is the name of the Sen. who said """"I am not a?","Theoden","Gondor","Jotaro","Rohan","4","The bat used by Dhoni in the final match was sold for Rs 72 Lac. Sen, Rohan. "" ""India announce preliminary 30-man World Cup squad"".","0.2521202862262726"
"abcfe5c6-98a2-11eb-b28e-4fc593e2bb35","What was the name of Punjab U-19s' teammate Yuvraj Singh?","Pandya","Rahane","Dhoni","Rayudu","3","Bollywoodhungama.com. Bihar's efforts were dwarfed by Punjab U-19s' 839 with Dhoni's future national squad teammate Yuvraj Singh making 358. In 2017, his team reached the final, where they lost to Mumbai Indians.","1.2565959692001343"
"ac6fdb80-98a2-11eb-b28e-4fc593e2bb35","What was the number of players in the Punjab U-19s?","462","723","839","363","3","Bollywoodhungama.com. Bihar's efforts were dwarfed by Punjab U-19s' 839 with Dhoni's future national squad teammate Yuvraj Singh making 358. In 2017, his team reached the final, where they lost to Mumbai Indians.","2.6214394569396973"
"adc3a53e-98a2-11eb-b28e-4fc593e2bb35","who won the nba final in 2017?","Mumbai indians","Csk","Kxip","Rohit Sharma","1","Bihar's efforts were dwarfed by Punjab U-19s' 839 with Dhoni's future national squad teammate Yuvraj Singh making 358. In 2017, his team reached the final, where they lost to Mumbai Indians. Dhoni did not have a great start to his ODI career, getting run out for a duck on debut.","1.125253438949585"
"adc3a53f-98a2-11eb-b28e-4fc593e2bb35","What is the name of the field hockey team in Pakistan?","Maqsood","Umer","Zafar iqbal","Saqib","3","Triangular Tournament 2004 Season"". Zafar Iqbal (field hockey) (2012) ""ICC Team of the Decade:","0.4187537431716919"
"b03c5dec-98a2-11eb-b28e-4fc593e2bb35","who is the captain of india cricket team in t20?","Rahane","Jadeja","Rayudu","Dinesh karthik","4","Living Media. The team also saw the entry of wicket-keeper/batsmen from the junior ranks, with talents like Parthiv Patel and Dinesh Karthik (both India U-19 captains) named in the Test squads. Dhoni bowling in the nets.","1.8722660541534424"
"b51e71ba-98a2-11eb-b28e-4fc593e2bb35","What is the name of the TV station that hosted the original show with MS Dhoni?","Foxtel","Nowtv","Hotstar","Kayo","3","Retrieved 6 May 2016. ^ ""Hotstar's original show with MS Dhoni to premiere on 20 March - TelevisionPost: Latest News, India's Television, Cable, DTH, TRAI"". ""Mahendra Singh Dhoni: India's worst Test captain away from home"".","0.3359428942203522"
"b5f954ec-98a2-11eb-b28e-4fc593e2bb35","what is the first time india has won test series?","1998","2013","1999","1995","2","During the 2015 Cricket World Cup, Dhoni became the first Indian captain to win all group stage matches in such a tournament. In 2013, under Dhoni's captaincy, India became the first team in more than 40 years to whitewash Australia in a Test series. 'One of the True Legends':","1.3123323917388916"
"b84888d0-98a2-11eb-b28e-4fc593e2bb35","Amitabh Bachchan was a fan of the cricket team of India. What was?","filmdom","actress","film-star","Bollywood actor","4","Harbhajan 2 Dhoni (c) 3 Dhoni is a fan of Adam Gilchrist, and his childhood idols were cricket teammate Sachin Tendulkar, Bollywood actor Amitabh Bachchan and singer Lata Mangeshkar Dhoni studied at DAV Jawahar Vidya Mandir, Shyamali, Ranchi, Jharkhand where he initially excelled in badminton and football and was selected at district and club level in these sports. ^ ""MS Dhoni joins BCCI boss' company as vice-president"".","0.041166894137859344"
"cee50c8a-98a2-11eb-b28e-4fc593e2bb35","what is the name of the champions trophy 2017?","Team of the tournament","Team of the Semifinals","Team of the Grand Finals","Team of the Invitational","1","Awards and achievements See also: Player of the Match awards (cricket) ""Champions Trophy 2017: Team of the tournament"". Dhoni banned for one ODI after India's second over-rate offence"".","1.6618692874908447"
"cee50c8b-98a2-11eb-b28e-4fc593e2bb35","what is the number 6 position in odi?","2711","3784","4031","2787","3","30 October 2013. Most career runs in ODI history when batting at number 6 position (4031) ^ ""Records / Combined Test, ODI and T20I records / Individual records (captains, players, umpires) /","0.5404475331306458"
"d4166f0a-98a2-11eb-b28e-4fc593e2bb35","Dhoni scored an unbeaten 45 off 52 balls in the final over required for the?","Death","Battle","Victory","Defeat","3","Sheringham, Sam (9 October 2012). Dhoni scored an unbeaten 45 off 52 balls with scoring 16 runs in the final over required for the victory. ""Records | One-Day Internationals | Wicketkeeping records | Most dismissals in career | ESPNcricinfo.com"".","1.4693281650543213"
"d599d9f2-98a2-11eb-b28e-4fc593e2bb35","Leslie Claudius (1971) is credited with the creation of the first human body?","Kailen","Nannar","Manna","Sailen manna","4","""Records | One-Day Internationals | Wicketkeeping records | Most dismissals in career | ESPNcricinfo.com"". Leslie Claudius (1971) Sailen Manna (1971) India was required to win their last group match against the Lankans, but they lost by 69 runs.","0.08268550783395767"
"d599d9f3-98a2-11eb-b28e-4fc593e2bb35","What was the title of the book by Leslie Claudius?","Kailen","Manna","Nannar","Sailen manna","4","""Records | One-Day Internationals | Wicketkeeping records | Most dismissals in career | ESPNcricinfo.com"". Leslie Claudius (1971) Sailen Manna (1971) India was required to win their last group match against the Lankans, but they lost by 69 runs.","1.8443336486816406"
"d7239e70-98a2-11eb-b28e-4fc593e2bb35","how many runs in the last group match?","71","77","421","69","4","Leslie Claudius (1971) Sailen Manna (1971) India was required to win their last group match against the Lankans, but they lost by 69 runs. 19 January 2017.","2.046010732650757"
"d7239e71-98a2-11eb-b28e-4fc593e2bb35","who has been dismissed in the last odi test match?","Manish Pandey","Prithvi Shaw","Yuvraj Singh","Aiden markram","4","Following the third Test in Melbourne, Dhoni announced his retirement from the format. He reached the milestone of effecting 400 dismissals in ODIs in February 2018, following the stumping of Aiden Markram in the third ODI of the South Africa tour. He was named as a wicketkeeper of the 'Team of the Tournament' at the 2017 Champions Trophy by Cricbuzz.","0.17052829265594482"
"d87738b8-98a2-11eb-b28e-4fc593e2bb35","who has the highest dismissal in odi?","Yuvraj Singh","Aiden markram","Prithvi Shaw","Manish Pandey","2","Following the third Test in Melbourne, Dhoni announced his retirement from the format. He reached the milestone of effecting 400 dismissals in ODIs in February 2018, following the stumping of Aiden Markram in the third ODI of the South Africa tour. He was named as a wicketkeeper of the 'Team of the Tournament' at the 2017 Champions Trophy by Cricbuzz.","1.123334527015686"
"dba529f0-98a2-11eb-b28e-4fc593e2bb35","How many deliveries did Dhoni score in the second match of the series?","114","108","123","111","3","Saikhom Mirabai Chanu (2018) In the second match of the series, Dhoni, in his fifth one-day international, scored 148 in Visakhapatnam off only 123 deliveries. ""Full Scorecard of East Zone vs Central Zone, Deodhar Trophy, Innings - Score Report | ESPNcricinfo.com"".","2.4670023918151855"
"dcde9180-98a2-11eb-b28e-4fc593e2bb35","who is the captain of bhohar in odi?","Mrs","Mr","Naela","Ms dhoni","4","""West Indies series a big one for MS Dhoni ahead of 2019 World Cup: Contents 1 Early life and background 2 Early career 2.1 Junior cricket in Bihar 2.2 Bihar cricket team 2.3 Jharkhand cricket team 2.4 India A team 3 International career 3.1 Start of ODI career 3.2 Breakthrough 3.3 2007 World Cup 3.4 Rise through ranks 3.5 Post 2011 World Cup 3.6 2015 World Cup 3.7 Stepping down as captain and thereafter 3.8 Test career He decided not to travel back to India and was famously quoted saying that ""I am on national duty, other things can wait"" International records Test cricket Under Dhoni's captaincy, India topped the Test cricket rankings for the first time, in 2009.","1.2035772800445557"
"dcde9181-98a2-11eb-b28e-4fc593e2bb35","who has been captain of india since the start of world cup?","Mrs","Ms dhoni","Mr","Naela","2","""West Indies series a big one for MS Dhoni ahead of 2019 World Cup: Contents 1 Early life and background 2 Early career 2.1 Junior cricket in Bihar 2.2 Bihar cricket team 2.3 Jharkhand cricket team 2.4 India A team 3 International career 3.1 Start of ODI career 3.2 Breakthrough 3.3 2007 World Cup 3.4 Rise through ranks 3.5 Post 2011 World Cup 3.6 2015 World Cup 3.7 Stepping down as captain and thereafter 3.8 Test career He decided not to travel back to India and was famously quoted saying that ""I am on national duty, other things can wait"" International records Test cricket Under Dhoni's captaincy, India topped the Test cricket rankings for the first time, in 2009.","0.7207118272781372"
"deb9af8a-98a2-11eb-b28e-4fc593e2bb35","who is the captain of bhohar in world cup?","Naela","Mrs","Ms dhoni","Mr","3","""West Indies series a big one for MS Dhoni ahead of 2019 World Cup: Contents 1 Early life and background 2 Early career 2.1 Junior cricket in Bihar 2.2 Bihar cricket team 2.3 Jharkhand cricket team 2.4 India A team 3 International career 3.1 Start of ODI career 3.2 Breakthrough 3.3 2007 World Cup 3.4 Rise through ranks 3.5 Post 2011 World Cup 3.6 2015 World Cup 3.7 Stepping down as captain and thereafter 3.8 Test career He decided not to travel back to India and was famously quoted saying that ""I am on national duty, other things can wait"" International records Test cricket Under Dhoni's captaincy, India topped the Test cricket rankings for the first time, in 2009.","1.2515679597854614"
"dfd260ce-98a2-11eb-b28e-4fc593e2bb35","What was the score of Dhoni's 174 runs in 3 matches in the?","87.00","289.99","224.99","Austin Computers","1","NDTVsports.com. Dhoni had a good Afro-Asia Cup, scoring 174 runs in 3 matches at an average of 87.00, with a blitzkrieg 139 not out off 97 balls, a Man of the Match innings, in the third ODI. Holds the record for playing the most matches in ODI history as captain who has also served as a wicket-keeper(200) Dhoni holds the records of the most dismissals in an innings (6) and career (432) by an Indian wicket-keeper.","1.7370457649230957"
"dfd260cf-98a2-11eb-b28e-4fc593e2bb35","how many dismissals in an innings in odi?","8","7","5","6","4","Dhoni had a good Afro-Asia Cup, scoring 174 runs in 3 matches at an average of 87.00, with a blitzkrieg 139 not out off 97 balls, a Man of the Match innings, in the third ODI. Holds the record for playing the most matches in ODI history as captain who has also served as a wicket-keeper(200) Dhoni holds the records of the most dismissals in an innings (6) and career (432) by an Indian wicket-keeper. He is a powerful hitter of the ball and is one of the fastest men in running between the wickets.","2.3160343170166016"
"e130a0c0-98a2-11eb-b28e-4fc593e2bb35","what is the name of the trophy that india won in cricket?","Asia Cup","The Asia Cup","Champions trophy","Wt20","3","Wisden Almanack. Just after the Champions Trophy, India toured West Indies for a tri-nation tournament against West Indies and Sri Lanka. Salati, Aamir (19 January 2016). ""","1.6054261922836304"
"e22be322-98a2-11eb-b28e-4fc593e2bb35","What is the name of the 'Aamir' in the title of the 2016 film?","Salati","Salani","Lazzati","Salatino","1","Just after the Champions Trophy, India toured West Indies for a tri-nation tournament against West Indies and Sri Lanka. Salati, Aamir (19 January 2016). "" Dhoni's record as ODI captain post-World Cup is poor"".","1.3927499055862427"
"e38ba522-98a2-11eb-b28e-4fc593e2bb35","Which cricket team won the first Test match of the season in Australia in 1899?","Pakistan","Bangladesh","South Asia","India","4","Press Trust of India. Cricket Australia. MS Dhoni Becomes The Second Indian To Play 350 ODIs"".","0.40098172426223755"
"e9373040-98a2-11eb-b28e-4fc593e2bb35","What is the Cooch Behar Trophy averages?","Maharashtra squad u-19","Bihar squad u-19","Karnataka squad u-19","Nadu squad u-19","2","Dhoni weds Sakshi - News Stories, Latest News Headlines on Times of India"". ""Statistics: Bihar Squad U-19 Cooch Behar Trophy Averages"". Chandgi Ram (1971)","2.163583278656006"
"ea22935a-98a2-11eb-b28e-4fc593e2bb35","What was the name of the 'Anagaraghavan' in 1975?","Vijayaraghavan","Veeraraghavan","Venkataramanan","Venkataraghavan","4","""MS Dhoni retires from all international cricket"". Wadekar <PHONE>: Venkataraghavan 1975/76-1978/79: Retrieved 4 August 2015.","2.289641857147217"
"ea22935b-98a2-11eb-b28e-4fc593e2bb35","What was the name of the sanathan in 1975/76?","Vijayaraghavan","Venkataraghavan","Venkataramanan","Veeraraghavan","2","""MS Dhoni retires from all international cricket"". Wadekar <PHONE>: Venkataraghavan 1975/76-1978/79: Retrieved 4 August 2015.","1.5701884031295776"
"ee70489e-98a2-11eb-b28e-4fc593e2bb35","What was the name of the first CCL player to score a century?","Rahane","Rayudu","Pandya","Dhoni","4","India was in a tight spot when Dhoni along with Irfan Pathan tried to steady the ship, with the team still needing 107 runs to avoid a follow-on. He grabbed the opportunity and scored centuries and helped CCL move to the A division. Territorial Army","0.1303231418132782"
"f4325a7e-98a2-11eb-b28e-4fc593e2bb35","What was Dhoni's ranking in the list of highest paid athletes in the world?","24Th","28Th","19Th","23rd","4","Dhoni followed up the century with some prosaic batting performances over the next three matches, one against Pakistan that India lost and two against England that had India holding a 1-0 lead. In June 2015, Forbes ranked Dhoni at 23rd in the list of highest paid athletes in the world, estimating his earnings at US$31 million. Initially, Dhoni appeared as a lower-order attacking batsman but he gradually changed his playing style to deal with high-pressure scenarios and his growing responsibility as a captain.","2.8637635707855225"
"f70081b8-98a2-11eb-b28e-4fc593e2bb35","who is the leader of saikhom chanu and virat kohl?","Gopika","Mugdha","priya","Bipasha basu","4","""Error"". Saikhom Mirabai Chanu and Virat Kohli (2018) According to Bollywood actress Bipasha Basu, a close friend of Dhoni, the wedding was planned for months and was not a spur of the moment decision.","0.9560426473617554"
"fc29e454-98a2-11eb-b28e-4fc593e2bb35","Jaspal Rana is the real name of the actress who is the lead singer of the?","Pandya","Dhoni","Rahane","Rayudu","2","Retrieved 28 December 2020. Jaspal Rana (2002) Once, while staying at the railway quarters, Dhoni and a couple of his friends covered themselves in white bedsheets and walked around in the complex late in the night.","1.353527307510376"
"02464f9e-98a3-11eb-b28e-4fc593e2bb35","What is the name of the one-day squad that omitted Laxman from the?","Kumble","Sachin","Ganguly","Kohli","1","2015 Cricket World Cup For the 2015 World Cup held in Australia and New Zealand, Dhoni was named the captain of the 30-member squad by the BCCI in December 2014. ^ ""Kumble and Laxman omitted from one-day squad"". In 2019, Dhoni Entertainment entered into a long-term business agreement with Banijay Asia to produce content in various genres.","0.19119496643543243"
"0537cfd4-98a3-11eb-b28e-4fc593e2bb35","What was the name of the captain of Dhoni?","Tendulkar","Viv Richards","Sachin","Dravid","1","Retrieved 4 October 2013. ^ After winning the 2011 ICC Cricket World Cup final against Sri Lanka on 2 April 2011, with his match-winning knock of unbeaten 91, Tendulkar heaped praises on Dhoni, claiming him to be the best captain he has played under. Retrieved 2 September 2011.","1.8905094861984253"
"08c26344-98a3-11eb-b28e-4fc593e2bb35","What is the name of Dhoni's home town?","Lahore","Dehradun","Kolkata","Ahmedabad","2","Retrieved 23 May 2008. ^ Personal life Dhoni married Sakshi Singh Rawat, his schoolmate in DAV Jawahar Vidya Mandir, Shyamali and a native of Dehradun, Uttarakhand, on 4 July 2010. India also came close to defeating South Africa in South Africa in early 2011 before Kallis' twin hundreds ensured that the series ended at 1-1.","2.219755172729492"
"104be9fa-98a3-11eb-b28e-4fc593e2bb35","who is the director of ajay thakur tahri?","M. §§ ganesh","M. p. ganesh","M. Ibid ganesh","M. Journal Of Discourses ganesh","2","Dhoni finished the season with 283 runs in 5 matches. Ajay Thakur (2019) 2020s Oinam Bembem Devi (2020) M. P. Ganesh (2020) Indigo Paints signs MS Dhoni as brand ambassador; plans Rs 240 crore ad spend over 3 years"".","1.8553476333618164"
"14b10bec-98a3-11eb-b28e-4fc593e2bb35","how many wickets did england score in the last test?","171","159","164","177","3","With Dhoni making a mark in the India A squad, he was picked in the ODI squad for the Bangladesh tour in 2004/05. It was also the highest score by a wicket-keeper-captain beating Englishman Alec Stewart's 164. Wisden India.","2.67861270904541"
"2175e80c-98a3-11eb-b28e-4fc593e2bb35","In which district of Uttarakhand is Lwali located?","Javy","Schwarber","Dansby","Almora","4","5 July 2010. His paternal village Lwali is in the Lamgara block of the Almora District of Uttarakhand. Results | Deodhar Trophy, 2003/04 | ESPNcricinfo.com"".","1.8598098754882812"
"230b5d14-98a3-11eb-b28e-4fc593e2bb35","What was the name of the East Zone team that won the Deodhar Trophy in 2003?","Rahane","Dhoni","Pandya","Rayudu","2","However, his team finished in 7th place. Dhoni was part of the East Zone squad that won the Deodhar Trophy 2003-2004 season and contributed with 244 runs in 4 matches, including a century (114) against Central zone. He was named the captain of the side in their absence, and became the first cricketer to lead India 200 times in ODIs.","1.434475302696228"
"23b82260-98a3-11eb-b28e-4fc593e2bb35","What was the total number of runs Dhoni scored in 4 matches?","272","184","171","244","4","However, his team finished in 7th place. Dhoni was part of the East Zone squad that won the Deodhar Trophy 2003-2004 season and contributed with 244 runs in 4 matches, including a century (114) against Central zone. He was named the captain of the side in their absence, and became the first cricketer to lead India 200 times in ODIs.","2.9632842540740967"
"24f1fce6-98a3-11eb-b28e-4fc593e2bb35","What was the name of the man who scored the most points in the match against Zimbabwe?","Parthiv Patel","Prithvi Shaw","Virat Kohli","Suresh raina","4","^ ""Records / India / One-Day Internationals / Most dismissals"". In the match against Zimbabwe at Eden Park, he made 85 not out chasing 288 and had an unbeaten partnership of 196 with Suresh Raina. During the post-match presentation, he described this six as more important than the one he hit during the ICC World Cup final in 2011.","0.6649251580238342"
"2db5c312-98a3-11eb-b28e-4fc593e2bb35","What is the name of the best white ball captain of this era?","Mrs","Naela","Ms dhoni","Mr","3","Retrieved 25 November 2020. ^ ""MS Dhoni best white-ball captain of this era: Michael Vaughan - Times of India"". Anisuzzaman Mrityunjay Athreya Padmanabhan Balaram Dalveer Bhandari Ruskin Bond Anita Desai Pullela Gopichand Kamal Haasan Jyeshtharaj Joshi V. N. Kaul Neelam","0.33049413561820984"
"2face998-98a3-11eb-b28e-4fc593e2bb35","What was the average score for Dhoni's 84 runs against South Africa?","Views","48.0","Dbmv","Changeup Start Speed","2","Karnam Malleswari (1999) Against South Africa, Dhoni managed 84 runs at an average of 48.0, including one half-century. 31 January 2014. ""","3.117737293243408"
"2face999-98a3-11eb-b28e-4fc593e2bb35","What was the average score of Dhoni's run against South Africa?","Changeup Start Speed","48.0","Views","Dbmv","2","Karnam Malleswari (1999) Against South Africa, Dhoni managed 84 runs at an average of 48.0, including one half-century. 31 January 2014. ""","3.054939031600952"
"316f4104-98a3-11eb-b28e-4fc593e2bb35","What is the name of the most run cricket match in the world?","Invoker nayudu trophy","Ae nayudu trophy","Xedit nayudu trophy","Ck nayudu trophy","4","Virat Kohli, Kane Williamson, Steven Smith, Joe Root nominated for ICC men's cricketer of the decade award"". ""CK Nayudu Trophy 1999/00 Batting - Most Runs"". Pankaj Advani Philipose Mar Chrysostom Mahendra Singh Dhoni Alexander Kadakin Ramachandran Nagaswamy Laxman Pai Arvind Parikh Sharda Sinha 2019","1.5945500135421753"
"34cdeda0-98a3-11eb-b28e-4fc593e2bb35","What is the meaning of Kansal's title?","Praful","Sonal","Sonali","Meenal","2","Retrieved 12 March 2019. ^ "" Kansal, Sonal (6 March 2019). Playing a knock of 113 not out, he had a record partnership with Ravichandran Ashwin, although in a losing cause.","0.9484379887580872"
"358d55c8-98a3-11eb-b28e-4fc593e2bb35","who played 113 not out in a losing cause?","Ravichandran ashwin","Ashwin","Ravichander","Ravichandra","1","Kansal, Sonal (6 March 2019). Playing a knock of 113 not out, he had a record partnership with Ravichandran Ashwin, although in a losing cause. Mihir Sen (1959) Milkha Singh (1959) 1960s Vijay Hazare (1960)","0.1583956778049469"
"358d55c9-98a3-11eb-b28e-4fc593e2bb35","Milkha Singh was the first female Prime Minister of India. What was his name?","Mihir sen","kher","Mohnish","Brijmohan","1","Playing a knock of 113 not out, he had a record partnership with Ravichandran Ashwin, although in a losing cause. Mihir Sen (1959) Milkha Singh (1959) 1960s Vijay Hazare (1960) Retrieved 3 September 2017. ^","1.6184090375900269"
"3738022e-98a3-11eb-b28e-4fc593e2bb35","What was the name of the 1960s film in which Milkha Singh was the first female Prime?","T20I","Ranji","Vijay hazare","The Asia Cup","3","Playing a knock of 113 not out, he had a record partnership with Ravichandran Ashwin, although in a losing cause. Mihir Sen (1959) Milkha Singh (1959) 1960s Vijay Hazare (1960) Retrieved 3 September 2017. ^","1.5473464727401733"
"38925d9a-98a3-11eb-b28e-4fc593e2bb35","How many runs did Dhoni score in both matches?","37","31","33","29","4","Retrieved 19 March 2015. ^ Dhoni was out for a duck in both these matches and scored just 29 runs in the tournament. 23 June 2006.","2.4781060218811035"
"39e0292a-98a3-11eb-b28e-4fc593e2bb35","How many runs did England score for the Harbhajan Singh delivery?","326","423","324","313","4","Mary Kom (2006) Dhoni failed to collect the Harbhajan Singh delivery cleanly as Flintoff went on to make 36 more runs as England set a target of 313 for the home team, a target that India was never in danger of threatening. Bishan Singh Bedi (1970)","2.5661795139312744"
"3bc8f5aa-98a3-11eb-b28e-4fc593e2bb35","Against New Zealand, what was the score of the first 50-plus runs for the Australian?","272","266","263","231","1","""Roar of the Lion - The untold Dhoni story to come on Hotstar"". Against New Zealand, he managed 272 runs which included three consecutive 50-plus scores. Though he had not played cricket, Dhoni impressed with his wicket-keeping skills and became the regular wicketkeeper at the Commando cricket club (<PHONE>).","1.8829281330108643"
"411c6668-98a3-11eb-b28e-4fc593e2bb35","who is the captain of india in naruth dhoni s?","Sourav ganguly","Ms Dhoni","Sangakkara","Wasim Akram","1","In June 2013, when India defeated England in the final of the Champions Trophy in England, Dhoni became the first captain to win all three ICC limited-overs trophies (World Cup, Champions Trophy and the World Twenty20). Dhoni scored 362 runs in 6 innings at an average of 72.40 and his performance in the series received attention from the then Indian captain - Sourav Ganguly and Ravi Shastri, amongst others. He co-partnered Akkineni Nagarjuna in buying a Supersport World Championship team, Mahi Racing Team India.","1.3331918716430664"
"4240b63e-98a3-11eb-b28e-4fc593e2bb35","What is the name of the team that he bought in the Supersport World Championships?","Mahi racing team india","Mahi racing team South Asia","Mahi racing team Bangladesh","Mahi racing team Pakistan","1","Dhoni scored 362 runs in 6 innings at an average of 72.40 and his performance in the series received attention from the then Indian captain - Sourav Ganguly and Ravi Shastri, amongst others. He co-partnered Akkineni Nagarjuna in buying a Supersport World Championship team, Mahi Racing Team India. Sporting honours ICC ODI Player of the Year: 2008, 2009 ICC World ODI XI: 2006, 2008, 2009, 2010, 2011, 2012, 2013, 2014 (captain in 2009, 2011-2014)","2.3805058002471924"
"453e0990-98a3-11eb-b28e-4fc593e2bb35","What was the length of the bowling of Clint McKay?","110","114","115","112 meters","4","Mamta Sodha (2014) In the final over, he hit a monstrous six which travelled 112 meters off the bowling of Clint McKay. ^ ""ICC Awards of the Decade announced"".","1.17774498462677"
"4a55e3f8-98a3-11eb-b28e-4fc593e2bb35","where did australia play in the odi semi finals?","Auckland cricket ground","Sydney cricket ground","Melbourne cricket ground","Perth cricket ground","2","Sachin Tendulkar (1999) 2000s However, they lost to host Australia in the semi-finals held at the Sydney Cricket Ground. As captain of the Indian cricket team, Dhoni has seldom been suspended due to his team's slow over-rate.","1.5413858890533447"
"4ca12dd4-98a3-11eb-b28e-4fc593e2bb35","What is the name of Dhoni's sister?","Ketkar","Nirajan","Jayanti gupta","rajan","3","""Kumble retires, Dhoni named Test captain"". Dhoni has a sister Jayanti Gupta and a brother Narendra Singh Dhoni. Under his captaincy, Chennai Super Kings won the 2010 and 2011 and 2018 Indian Premier League titles and the 2010 and 2014 Champions League T20 titles.","1.5081393718719482"
"4ca12dd5-98a3-11eb-b28e-4fc593e2bb35","What is the name of Dhoni's brother?","Nirajan","Ketkar","rajan","Jayanti gupta","4","""Kumble retires, Dhoni named Test captain"". Dhoni has a sister Jayanti Gupta and a brother Narendra Singh Dhoni. Under his captaincy, Chennai Super Kings won the 2010 and 2011 and 2018 Indian Premier League titles and the 2010 and 2014 Champions League T20 titles.","1.8523048162460327"
"51a9e76c-98a3-11eb-b28e-4fc593e2bb35","who is captain of india's super four cricket team?","Rohit sharma","Dhoni","Kohli","Dhawan","1","15 July 2018. During 2018 Asia Cup in India's last Super Four match, against Afghanistan, captain Rohit Sharma and vice-captain Shikhar Dhawan were both rested for the match. The Hindu.","0.8190199136734009"
